-- Generated by scripts/generate-dummy-seeds.mjs — run: npm run db:seed

begin;

truncate table public.payments, public.memberships, public.members restart identity cascade;

insert into public.members (
  id, first_name, last_name, primary_email, secondary_email,
  primary_phone, secondary_phone, lake_phone, lake_civic_number, lake_street_name,
  primary_address, primary_city, primary_province, primary_country, primary_postal_code,
  email_opt_in, notes
) values
  ('00000000-0000-4000-8000-000000000101'::uuid, 'DemoFirst1', 'DemoLast1', 'member1@example.invalid', NULL, '555-01001', NULL, NULL, '11', 'Demo Shore 1', '101 Fake Street', 'Ottawa', 'ON', 'CA', 'K1A 0A1', true, NULL),
  ('00000000-0000-4000-8000-000000000102'::uuid, 'DemoFirst2', 'DemoLast2', 'member2@example.invalid', NULL, '555-01002', NULL, NULL, '22', 'Demo Shore 2', '102 Fake Street', 'Ottawa', 'ON', 'CA', 'K1A 0A1', true, NULL),
  ('00000000-0000-4000-8000-000000000103'::uuid, 'DemoFirst3', 'DemoLast3', 'member3@example.invalid', NULL, '555-01003', NULL, NULL, '33', 'Demo Shore 3', '103 Fake Street', 'Ottawa', 'ON', 'CA', 'K1A 0A1', true, 'Synthetic row for local dev'),
  ('00000000-0000-4000-8000-000000000104'::uuid, 'DemoFirst4', 'DemoLast4', 'member4@example.invalid', 'member4.alt@example.invalid', '555-01004', NULL, NULL, '44', 'Demo Shore 4', '104 Fake Street', 'Ottawa', 'ON', 'CA', 'K1A 0A1', true, NULL),
  ('00000000-0000-4000-8000-000000000105'::uuid, 'DemoFirst5', 'DemoLast5', 'member5@example.invalid', NULL, '555-01005', NULL, NULL, '55', 'Demo Shore 5', '105 Fake Street', 'Ottawa', 'ON', 'CA', 'K1A 0A1', false, NULL),
  ('00000000-0000-4000-8000-000000000106'::uuid, 'DemoFirst6', 'DemoLast6', 'member6@example.invalid', NULL, '555-01006', NULL, NULL, '66', 'Demo Shore 6', '106 Fake Street', 'Ottawa', 'ON', 'CA', 'K1A 0A1', true, NULL),
  ('00000000-0000-4000-8000-000000000107'::uuid, 'DemoFirst7', 'DemoLast7', 'member7@example.invalid', NULL, '555-01007', NULL, NULL, '77', 'Demo Shore 7', '107 Fake Street', 'Ottawa', 'ON', 'CA', 'K1A 0A1', true, NULL),
  ('00000000-0000-4000-8000-000000000108'::uuid, 'DemoFirst8', 'DemoLast8', 'member8@example.invalid', 'member8.alt@example.invalid', '555-01008', NULL, NULL, '88', 'Demo Shore 8', '108 Fake Street', 'Ottawa', 'ON', 'CA', 'K1A 0A1', true, NULL),
  ('00000000-0000-4000-8000-000000000109'::uuid, 'DemoFirst9', 'DemoLast9', 'member9@example.invalid', NULL, '555-01009', NULL, NULL, '99', 'Demo Shore 9', '109 Fake Street', 'Ottawa', 'ON', 'CA', 'K1A 0A1', true, NULL),
  ('00000000-0000-4000-8000-00000000010a'::uuid, 'DemoFirst10', 'DemoLast10', 'member10@example.invalid', NULL, '555-01010', NULL, NULL, '110', 'Demo Shore 10', '110 Fake Street', 'Ottawa', 'ON', 'CA', 'K1A 0A1', false, NULL),
  ('00000000-0000-4000-8000-00000000010b'::uuid, 'DemoFirst11', 'DemoLast11', 'member11@example.invalid', NULL, '555-01011', NULL, NULL, '121', 'Demo Shore 11', '111 Fake Street', 'Ottawa', 'ON', 'CA', 'K1A 0A1', true, NULL),
  ('00000000-0000-4000-8000-00000000010c'::uuid, 'DemoFirst12', 'DemoLast12', 'member12@example.invalid', 'member12.alt@example.invalid', '555-01012', NULL, NULL, '132', 'Demo Shore 12', '112 Fake Street', 'Ottawa', 'ON', 'CA', 'K1A 0A1', true, NULL),
  ('00000000-0000-4000-8000-00000000010d'::uuid, 'DemoFirst13', 'DemoLast13', 'member13@example.invalid', NULL, '555-01013', NULL, NULL, '143', 'Demo Shore 13', '113 Fake Street', 'Ottawa', 'ON', 'CA', 'K1A 0A1', true, NULL),
  ('00000000-0000-4000-8000-00000000010e'::uuid, 'DemoFirst14', 'DemoLast14', 'member14@example.invalid', NULL, '555-01014', NULL, NULL, '154', 'Demo Shore 14', '114 Fake Street', 'Ottawa', 'ON', 'CA', 'K1A 0A1', true, NULL);

insert into public.memberships (id, member_id, year, tier) values
  ('00000000-0000-4000-8000-000000001000'::uuid, '00000000-0000-4000-8000-000000000101'::uuid, 2020, 'general'),
  ('00000000-0000-4000-8000-000000001001'::uuid, '00000000-0000-4000-8000-000000000101'::uuid, 2021, 'associate'),
  ('00000000-0000-4000-8000-000000001002'::uuid, '00000000-0000-4000-8000-000000000101'::uuid, 2022, 'general'),
  ('00000000-0000-4000-8000-000000001003'::uuid, '00000000-0000-4000-8000-000000000101'::uuid, 2023, 'associate'),
  ('00000000-0000-4000-8000-000000001004'::uuid, '00000000-0000-4000-8000-000000000101'::uuid, 2024, 'general'),
  ('00000000-0000-4000-8000-000000001005'::uuid, '00000000-0000-4000-8000-000000000101'::uuid, 2025, 'associate'),
  ('00000000-0000-4000-8000-000000001006'::uuid, '00000000-0000-4000-8000-000000000101'::uuid, 2026, 'general'),
  ('00000000-0000-4000-8000-000000001007'::uuid, '00000000-0000-4000-8000-000000000102'::uuid, 2020, 'general'),
  ('00000000-0000-4000-8000-000000001008'::uuid, '00000000-0000-4000-8000-000000000102'::uuid, 2021, 'associate'),
  ('00000000-0000-4000-8000-000000001009'::uuid, '00000000-0000-4000-8000-000000000102'::uuid, 2022, 'general'),
  ('00000000-0000-4000-8000-00000000100a'::uuid, '00000000-0000-4000-8000-000000000102'::uuid, 2023, 'associate'),
  ('00000000-0000-4000-8000-00000000100b'::uuid, '00000000-0000-4000-8000-000000000102'::uuid, 2024, 'general'),
  ('00000000-0000-4000-8000-00000000100c'::uuid, '00000000-0000-4000-8000-000000000102'::uuid, 2025, 'associate'),
  ('00000000-0000-4000-8000-00000000100d'::uuid, '00000000-0000-4000-8000-000000000102'::uuid, 2026, 'general'),
  ('00000000-0000-4000-8000-00000000100e'::uuid, '00000000-0000-4000-8000-000000000103'::uuid, 2020, 'general'),
  ('00000000-0000-4000-8000-00000000100f'::uuid, '00000000-0000-4000-8000-000000000103'::uuid, 2021, 'associate'),
  ('00000000-0000-4000-8000-000000001010'::uuid, '00000000-0000-4000-8000-000000000103'::uuid, 2022, 'general'),
  ('00000000-0000-4000-8000-000000001011'::uuid, '00000000-0000-4000-8000-000000000103'::uuid, 2023, 'associate'),
  ('00000000-0000-4000-8000-000000001012'::uuid, '00000000-0000-4000-8000-000000000103'::uuid, 2024, 'general'),
  ('00000000-0000-4000-8000-000000001013'::uuid, '00000000-0000-4000-8000-000000000103'::uuid, 2025, 'associate'),
  ('00000000-0000-4000-8000-000000001014'::uuid, '00000000-0000-4000-8000-000000000103'::uuid, 2026, 'general'),
  ('00000000-0000-4000-8000-000000001015'::uuid, '00000000-0000-4000-8000-000000000104'::uuid, 2020, 'general'),
  ('00000000-0000-4000-8000-000000001016'::uuid, '00000000-0000-4000-8000-000000000104'::uuid, 2021, 'associate'),
  ('00000000-0000-4000-8000-000000001017'::uuid, '00000000-0000-4000-8000-000000000104'::uuid, 2022, 'general'),
  ('00000000-0000-4000-8000-000000001018'::uuid, '00000000-0000-4000-8000-000000000104'::uuid, 2023, 'associate'),
  ('00000000-0000-4000-8000-000000001019'::uuid, '00000000-0000-4000-8000-000000000104'::uuid, 2024, 'general'),
  ('00000000-0000-4000-8000-00000000101a'::uuid, '00000000-0000-4000-8000-000000000104'::uuid, 2025, 'associate'),
  ('00000000-0000-4000-8000-00000000101b'::uuid, '00000000-0000-4000-8000-000000000104'::uuid, 2026, 'general'),
  ('00000000-0000-4000-8000-00000000101c'::uuid, '00000000-0000-4000-8000-000000000105'::uuid, 2020, 'general'),
  ('00000000-0000-4000-8000-00000000101d'::uuid, '00000000-0000-4000-8000-000000000105'::uuid, 2021, 'associate'),
  ('00000000-0000-4000-8000-00000000101e'::uuid, '00000000-0000-4000-8000-000000000105'::uuid, 2022, 'general'),
  ('00000000-0000-4000-8000-00000000101f'::uuid, '00000000-0000-4000-8000-000000000105'::uuid, 2023, 'associate'),
  ('00000000-0000-4000-8000-000000001020'::uuid, '00000000-0000-4000-8000-000000000105'::uuid, 2024, 'general'),
  ('00000000-0000-4000-8000-000000001021'::uuid, '00000000-0000-4000-8000-000000000105'::uuid, 2025, 'associate'),
  ('00000000-0000-4000-8000-000000001022'::uuid, '00000000-0000-4000-8000-000000000105'::uuid, 2026, 'general'),
  ('00000000-0000-4000-8000-000000001023'::uuid, '00000000-0000-4000-8000-000000000106'::uuid, 2020, 'general'),
  ('00000000-0000-4000-8000-000000001024'::uuid, '00000000-0000-4000-8000-000000000106'::uuid, 2021, 'associate'),
  ('00000000-0000-4000-8000-000000001025'::uuid, '00000000-0000-4000-8000-000000000106'::uuid, 2022, 'general'),
  ('00000000-0000-4000-8000-000000001026'::uuid, '00000000-0000-4000-8000-000000000106'::uuid, 2023, 'associate'),
  ('00000000-0000-4000-8000-000000001027'::uuid, '00000000-0000-4000-8000-000000000106'::uuid, 2024, 'general'),
  ('00000000-0000-4000-8000-000000001028'::uuid, '00000000-0000-4000-8000-000000000106'::uuid, 2025, 'associate'),
  ('00000000-0000-4000-8000-000000001029'::uuid, '00000000-0000-4000-8000-000000000106'::uuid, 2026, 'general'),
  ('00000000-0000-4000-8000-00000000102a'::uuid, '00000000-0000-4000-8000-000000000107'::uuid, 2023, 'associate'),
  ('00000000-0000-4000-8000-00000000102b'::uuid, '00000000-0000-4000-8000-000000000107'::uuid, 2024, 'general'),
  ('00000000-0000-4000-8000-00000000102c'::uuid, '00000000-0000-4000-8000-000000000107'::uuid, 2025, 'associate'),
  ('00000000-0000-4000-8000-00000000102d'::uuid, '00000000-0000-4000-8000-000000000107'::uuid, 2026, 'general'),
  ('00000000-0000-4000-8000-00000000102e'::uuid, '00000000-0000-4000-8000-000000000108'::uuid, 2023, 'associate'),
  ('00000000-0000-4000-8000-00000000102f'::uuid, '00000000-0000-4000-8000-000000000108'::uuid, 2024, 'general'),
  ('00000000-0000-4000-8000-000000001030'::uuid, '00000000-0000-4000-8000-000000000108'::uuid, 2025, 'associate'),
  ('00000000-0000-4000-8000-000000001031'::uuid, '00000000-0000-4000-8000-000000000108'::uuid, 2026, 'general'),
  ('00000000-0000-4000-8000-000000001032'::uuid, '00000000-0000-4000-8000-000000000109'::uuid, 2023, 'associate'),
  ('00000000-0000-4000-8000-000000001033'::uuid, '00000000-0000-4000-8000-000000000109'::uuid, 2024, 'general'),
  ('00000000-0000-4000-8000-000000001034'::uuid, '00000000-0000-4000-8000-000000000109'::uuid, 2025, 'associate'),
  ('00000000-0000-4000-8000-000000001035'::uuid, '00000000-0000-4000-8000-000000000109'::uuid, 2026, 'general'),
  ('00000000-0000-4000-8000-000000001036'::uuid, '00000000-0000-4000-8000-00000000010a'::uuid, 2023, 'associate'),
  ('00000000-0000-4000-8000-000000001037'::uuid, '00000000-0000-4000-8000-00000000010a'::uuid, 2024, 'general'),
  ('00000000-0000-4000-8000-000000001038'::uuid, '00000000-0000-4000-8000-00000000010a'::uuid, 2025, 'associate'),
  ('00000000-0000-4000-8000-000000001039'::uuid, '00000000-0000-4000-8000-00000000010a'::uuid, 2026, 'general'),
  ('00000000-0000-4000-8000-00000000103a'::uuid, '00000000-0000-4000-8000-00000000010b'::uuid, 2023, 'associate'),
  ('00000000-0000-4000-8000-00000000103b'::uuid, '00000000-0000-4000-8000-00000000010b'::uuid, 2024, 'general'),
  ('00000000-0000-4000-8000-00000000103c'::uuid, '00000000-0000-4000-8000-00000000010b'::uuid, 2025, 'associate'),
  ('00000000-0000-4000-8000-00000000103d'::uuid, '00000000-0000-4000-8000-00000000010b'::uuid, 2026, 'general'),
  ('00000000-0000-4000-8000-00000000103e'::uuid, '00000000-0000-4000-8000-00000000010c'::uuid, 2023, 'associate'),
  ('00000000-0000-4000-8000-00000000103f'::uuid, '00000000-0000-4000-8000-00000000010c'::uuid, 2024, 'general'),
  ('00000000-0000-4000-8000-000000001040'::uuid, '00000000-0000-4000-8000-00000000010c'::uuid, 2025, 'associate'),
  ('00000000-0000-4000-8000-000000001041'::uuid, '00000000-0000-4000-8000-00000000010c'::uuid, 2026, 'general'),
  ('00000000-0000-4000-8000-000000001042'::uuid, '00000000-0000-4000-8000-00000000010d'::uuid, 2023, 'associate'),
  ('00000000-0000-4000-8000-000000001043'::uuid, '00000000-0000-4000-8000-00000000010d'::uuid, 2024, 'general'),
  ('00000000-0000-4000-8000-000000001044'::uuid, '00000000-0000-4000-8000-00000000010d'::uuid, 2025, 'associate'),
  ('00000000-0000-4000-8000-000000001045'::uuid, '00000000-0000-4000-8000-00000000010d'::uuid, 2026, 'general'),
  ('00000000-0000-4000-8000-000000001046'::uuid, '00000000-0000-4000-8000-00000000010e'::uuid, 2023, 'associate'),
  ('00000000-0000-4000-8000-000000001047'::uuid, '00000000-0000-4000-8000-00000000010e'::uuid, 2024, 'general'),
  ('00000000-0000-4000-8000-000000001048'::uuid, '00000000-0000-4000-8000-00000000010e'::uuid, 2025, 'associate'),
  ('00000000-0000-4000-8000-000000001049'::uuid, '00000000-0000-4000-8000-00000000010e'::uuid, 2026, 'general');

insert into public.payments (membership_id, method, amount, date, notes, payment_id) values
  ('00000000-0000-4000-8000-000000001001'::uuid, 'e-transfer', 75, '2024-02-15', NULL, NULL),
  ('00000000-0000-4000-8000-000000001002'::uuid, 'cheque', 100, '2025-03-15', NULL, NULL),
  ('00000000-0000-4000-8000-000000001003'::uuid, 'cash', 125, '2026-04-15', NULL, NULL),
  ('00000000-0000-4000-8000-000000001004'::uuid, 'unknown', NULL, '2019-05-15', NULL, NULL),
  ('00000000-0000-4000-8000-000000001005'::uuid, 'e-transfer', 50, '2020-06-15', NULL, NULL),
  ('00000000-0000-4000-8000-000000001006'::uuid, 'cheque', 75, '2021-07-15', NULL, NULL),
  ('00000000-0000-4000-8000-000000001008'::uuid, 'unknown', NULL, '2024-09-15', NULL, NULL),
  ('00000000-0000-4000-8000-000000001009'::uuid, 'e-transfer', 150, '2025-10-15', NULL, NULL),
  ('00000000-0000-4000-8000-00000000100a'::uuid, 'cheque', 50, '2026-11-15', NULL, NULL),
  ('00000000-0000-4000-8000-00000000100b'::uuid, 'cash', 75, '2019-12-15', 'Dev seed', NULL),
  ('00000000-0000-4000-8000-00000000100c'::uuid, 'unknown', NULL, '2020-01-15', NULL, NULL),
  ('00000000-0000-4000-8000-00000000100d'::uuid, 'e-transfer', 125, '2021-02-15', NULL, NULL),
  ('00000000-0000-4000-8000-00000000100f'::uuid, 'cash', 50, '2024-04-15', NULL, NULL),
  ('00000000-0000-4000-8000-000000001010'::uuid, 'unknown', NULL, '2025-05-15', NULL, NULL),
  ('00000000-0000-4000-8000-000000001011'::uuid, 'e-transfer', 100, '2026-06-15', NULL, NULL),
  ('00000000-0000-4000-8000-000000001012'::uuid, 'cheque', 125, '2019-07-15', NULL, NULL),
  ('00000000-0000-4000-8000-000000001013'::uuid, 'cash', 150, '2020-08-15', NULL, NULL),
  ('00000000-0000-4000-8000-000000001014'::uuid, 'unknown', NULL, '2021-09-15', NULL, NULL),
  ('00000000-0000-4000-8000-000000001016'::uuid, 'cheque', 100, '2024-11-15', 'Dev seed', NULL),
  ('00000000-0000-4000-8000-000000001017'::uuid, 'cash', 125, '2025-12-15', NULL, NULL),
  ('00000000-0000-4000-8000-000000001018'::uuid, 'unknown', NULL, '2026-01-15', NULL, NULL),
  ('00000000-0000-4000-8000-000000001019'::uuid, 'e-transfer', 50, '2019-02-15', NULL, NULL),
  ('00000000-0000-4000-8000-00000000101a'::uuid, 'cheque', 75, '2020-03-15', NULL, NULL),
  ('00000000-0000-4000-8000-00000000101b'::uuid, 'cash', 100, '2021-04-15', NULL, NULL),
  ('00000000-0000-4000-8000-00000000101d'::uuid, 'e-transfer', 150, '2024-06-15', NULL, NULL),
  ('00000000-0000-4000-8000-00000000101e'::uuid, 'cheque', 50, '2025-07-15', NULL, NULL),
  ('00000000-0000-4000-8000-00000000101f'::uuid, 'cash', 75, '2026-08-15', NULL, NULL),
  ('00000000-0000-4000-8000-000000001020'::uuid, 'unknown', NULL, '2019-09-15', NULL, NULL),
  ('00000000-0000-4000-8000-000000001021'::uuid, 'e-transfer', 125, '2020-10-15', 'Dev seed', NULL),
  ('00000000-0000-4000-8000-000000001022'::uuid, 'cheque', 150, '2021-11-15', NULL, NULL),
  ('00000000-0000-4000-8000-000000001024'::uuid, 'unknown', NULL, '2024-01-15', NULL, NULL),
  ('00000000-0000-4000-8000-000000001025'::uuid, 'e-transfer', 100, '2025-02-15', NULL, NULL),
  ('00000000-0000-4000-8000-000000001026'::uuid, 'cheque', 125, '2026-03-15', NULL, NULL),
  ('00000000-0000-4000-8000-000000001027'::uuid, 'cash', 150, '2019-04-15', NULL, NULL),
  ('00000000-0000-4000-8000-000000001028'::uuid, 'unknown', NULL, '2020-05-15', NULL, NULL),
  ('00000000-0000-4000-8000-000000001029'::uuid, 'e-transfer', 75, '2021-06-15', NULL, NULL),
  ('00000000-0000-4000-8000-00000000102b'::uuid, 'cash', 125, '2019-08-15', NULL, NULL),
  ('00000000-0000-4000-8000-00000000102c'::uuid, 'unknown', NULL, '2020-09-15', 'Dev seed', NULL),
  ('00000000-0000-4000-8000-00000000102d'::uuid, 'e-transfer', 50, '2021-10-15', NULL, NULL),
  ('00000000-0000-4000-8000-00000000102e'::uuid, 'cheque', 75, '2026-11-15', NULL, NULL),
  ('00000000-0000-4000-8000-00000000102f'::uuid, 'cash', 100, '2019-12-15', NULL, NULL),
  ('00000000-0000-4000-8000-000000001030'::uuid, 'unknown', NULL, '2020-01-15', NULL, NULL),
  ('00000000-0000-4000-8000-000000001032'::uuid, 'cheque', 50, '2026-03-15', NULL, NULL),
  ('00000000-0000-4000-8000-000000001033'::uuid, 'cash', 75, '2019-04-15', NULL, NULL),
  ('00000000-0000-4000-8000-000000001034'::uuid, 'unknown', NULL, '2020-05-15', NULL, NULL),
  ('00000000-0000-4000-8000-000000001035'::uuid, 'e-transfer', 125, '2021-06-15', NULL, NULL),
  ('00000000-0000-4000-8000-000000001036'::uuid, 'cheque', 150, '2026-07-15', NULL, NULL),
  ('00000000-0000-4000-8000-000000001037'::uuid, 'cash', 50, '2019-08-15', 'Dev seed', NULL),
  ('00000000-0000-4000-8000-000000001039'::uuid, 'e-transfer', 100, '2021-10-15', NULL, NULL),
  ('00000000-0000-4000-8000-00000000103a'::uuid, 'cheque', 125, '2026-11-15', NULL, NULL),
  ('00000000-0000-4000-8000-00000000103b'::uuid, 'cash', 150, '2019-12-15', NULL, NULL),
  ('00000000-0000-4000-8000-00000000103c'::uuid, 'unknown', NULL, '2020-01-15', NULL, NULL),
  ('00000000-0000-4000-8000-00000000103d'::uuid, 'e-transfer', 75, '2021-02-15', NULL, NULL),
  ('00000000-0000-4000-8000-00000000103e'::uuid, 'cheque', 100, '2026-03-15', NULL, NULL),
  ('00000000-0000-4000-8000-000000001040'::uuid, 'unknown', NULL, '2020-05-15', NULL, NULL),
  ('00000000-0000-4000-8000-000000001041'::uuid, 'e-transfer', 50, '2021-06-15', NULL, NULL),
  ('00000000-0000-4000-8000-000000001042'::uuid, 'cheque', 75, '2026-07-15', 'Dev seed', NULL),
  ('00000000-0000-4000-8000-000000001043'::uuid, 'cash', 100, '2019-08-15', NULL, NULL),
  ('00000000-0000-4000-8000-000000001044'::uuid, 'unknown', NULL, '2020-09-15', NULL, NULL),
  ('00000000-0000-4000-8000-000000001045'::uuid, 'e-transfer', 150, '2021-10-15', NULL, NULL),
  ('00000000-0000-4000-8000-000000001047'::uuid, 'cash', 75, '2019-12-15', NULL, NULL),
  ('00000000-0000-4000-8000-000000001048'::uuid, 'unknown', NULL, '2020-01-15', NULL, NULL),
  ('00000000-0000-4000-8000-000000001049'::uuid, 'e-transfer', 125, '2021-02-15', NULL, NULL);

commit;
